<CSPIF VERSION="0.01">
<CSP>
<NAME>Simple Problem 1</NAME>
<DESCRIPTION>
	<SHORT>This simple CSP uses three integer variables and two constraints.</SHORT>
	<DETAILED></DETAILED>
</DESCRIPTION>
<VARIABLE TYPE="Integer">
	<NAME>A</NAME>
	<VALUE>1</VALUE>
	<VALUE>2</VALUE>
	<VALUE>3</VALUE>
	<VALUE>4</VALUE>
	<PROPERTY>position = (7071.462, 5229.4795)</PROPERTY>
</VARIABLE>
<VARIABLE TYPE="Integer">
	<NAME>B</NAME>
	<VALUE>1</VALUE>
	<VALUE>2</VALUE>
	<VALUE>3</VALUE>
	<VALUE>4</VALUE>
	<PROPERTY>position = (7340.698, 5229.4795)</PROPERTY>
</VARIABLE>
<VARIABLE TYPE="Integer">
	<NAME>C</NAME>
	<VALUE>1</VALUE>
	<VALUE>2</VALUE>
	<VALUE>3</VALUE>
	<VALUE>4</VALUE>
	<PROPERTY>position = (7602.5386, 5226.52)</PROPERTY>
</VARIABLE>
<CONSTRAINT TYPE="LessThan">
	<GIVEN>A</GIVEN>
	<GIVEN>B</GIVEN>
	<ARGS></ARGS>
	<PROPERTY>position = (7206.08, 5229.4795)</PROPERTY>
</CONSTRAINT>
<CONSTRAINT TYPE="LessThan">
	<GIVEN>B</GIVEN>
	<GIVEN>C</GIVEN>
	<ARGS></ARGS>
	<PROPERTY>position = (7471.618, 5228.0)</PROPERTY>
</CONSTRAINT>
</CSP>
</CSPIF>

