<?xml version="1.0" ?>

<SEARCH>
	<GRAPH>
		<DESCRIPTION>
			<SHORT>This is a basic graph example with no cycles.</SHORT>
			<DETAILED></DETAILED>
		</DESCRIPTION>

		<!-- Node Definitions -->

		<NODE>
			<NAME>S</NAME>
			<INDEX>0</INDEX>
			<XPOS>7858.6333</XPOS>
			<YPOS>5041.4907</YPOS>
			<TYPE>START</TYPE>
			<HEURISTICVALUE>26.0</HEURISTICVALUE>
		</NODE>

		<!-- Node Definitions -->

		<NODE>
			<NAME>N1</NAME>
			<INDEX>1</INDEX>
			<XPOS>7756.4634</XPOS>
			<YPOS>5143.661</YPOS>
			<TYPE>REGULAR</TYPE>
			<HEURISTICVALUE>25.1</HEURISTICVALUE>
		</NODE>

		<!-- Node Definitions -->

		<NODE>
			<NAME>N2</NAME>
			<INDEX>2</INDEX>
			<XPOS>7973.987</XPOS>
			<YPOS>5145.309</YPOS>
			<TYPE>REGULAR</TYPE>
			<HEURISTICVALUE>16.4</HEURISTICVALUE>
		</NODE>

		<!-- Node Definitions -->

		<NODE>
			<NAME>N3</NAME>
			<INDEX>3</INDEX>
			<XPOS>7649.3496</XPOS>
			<YPOS>5280.437</YPOS>
			<TYPE>REGULAR</TYPE>
			<HEURISTICVALUE>27.6</HEURISTICVALUE>
		</NODE>

		<!-- Node Definitions -->

		<NODE>
			<NAME>N4</NAME>
			<INDEX>4</INDEX>
			<XPOS>7799.309</XPOS>
			<YPOS>5268.902</YPOS>
			<TYPE>REGULAR</TYPE>
			<HEURISTICVALUE>18.1</HEURISTICVALUE>
		</NODE>

		<!-- Node Definitions -->

		<NODE>
			<NAME>N5</NAME>
			<INDEX>5</INDEX>
			<XPOS>7957.508</XPOS>
			<YPOS>5277.1416</YPOS>
			<TYPE>REGULAR</TYPE>
			<HEURISTICVALUE>8.8</HEURISTICVALUE>
		</NODE>

		<!-- Node Definitions -->

		<NODE>
			<NAME>N6</NAME>
			<INDEX>6</INDEX>
			<XPOS>8110.763</XPOS>
			<YPOS>5272.1978</YPOS>
			<TYPE>REGULAR</TYPE>
			<HEURISTICVALUE>8.5</HEURISTICVALUE>
		</NODE>

		<!-- Node Definitions -->

		<NODE>
			<NAME>N7</NAME>
			<INDEX>7</INDEX>
			<XPOS>7636.166</XPOS>
			<YPOS>5420.5093</YPOS>
			<TYPE>REGULAR</TYPE>
			<HEURISTICVALUE>28.0</HEURISTICVALUE>
		</NODE>

		<!-- Node Definitions -->

		<NODE>
			<NAME>N8</NAME>
			<INDEX>8</INDEX>
			<XPOS>7769.6465</XPOS>
			<YPOS>5392.4946</YPOS>
			<TYPE>REGULAR</TYPE>
			<HEURISTICVALUE>18.7</HEURISTICVALUE>
		</NODE>

		<!-- Node Definitions -->

		<NODE>
			<NAME>N9</NAME>
			<INDEX>9</INDEX>
			<XPOS>7896.535</XPOS>
			<YPOS>5387.5513</YPOS>
			<TYPE>REGULAR</TYPE>
			<HEURISTICVALUE>10.0</HEURISTICVALUE>
		</NODE>

		<!-- Node Definitions -->

		<NODE>
			<NAME>G</NAME>
			<INDEX>10</INDEX>
			<XPOS>8041.5513</XPOS>
			<YPOS>5374.3677</YPOS>
			<TYPE>GOAL</TYPE>
			<HEURISTICVALUE>0.0</HEURISTICVALUE>
		</NODE>

		<!-- Node Definitions -->

		<NODE>
			<NAME>N10</NAME>
			<INDEX>11</INDEX>
			<XPOS>8133.834</XPOS>
			<YPOS>5394.1426</YPOS>
			<TYPE>REGULAR</TYPE>
			<HEURISTICVALUE>6.5</HEURISTICVALUE>
		</NODE>

		<!-- Edge Definitions -->

		<EDGE>
			<STARTINDEX>0</STARTINDEX>
			<ENDINDEX>1</ENDINDEX>
			<COST>9.9</COST>
		</EDGE>
		<EDGE>
			<STARTINDEX>0</STARTINDEX>
			<ENDINDEX>2</ENDINDEX>
			<COST>10.6</COST>
		</EDGE>
		<EDGE>
			<STARTINDEX>1</STARTINDEX>
			<ENDINDEX>3</ENDINDEX>
			<COST>11.9</COST>
		</EDGE>
		<EDGE>
			<STARTINDEX>1</STARTINDEX>
			<ENDINDEX>4</ENDINDEX>
			<COST>9.1</COST>
		</EDGE>
		<EDGE>
			<STARTINDEX>2</STARTINDEX>
			<ENDINDEX>5</ENDINDEX>
			<COST>9.1</COST>
		</EDGE>
		<EDGE>
			<STARTINDEX>2</STARTINDEX>
			<ENDINDEX>6</ENDINDEX>
			<COST>12.8</COST>
		</EDGE>
		<EDGE>
			<STARTINDEX>3</STARTINDEX>
			<ENDINDEX>7</ENDINDEX>
			<COST>9.6</COST>
		</EDGE>
		<EDGE>
			<STARTINDEX>4</STARTINDEX>
			<ENDINDEX>8</ENDINDEX>
			<COST>8.7</COST>
		</EDGE>
		<EDGE>
			<STARTINDEX>5</STARTINDEX>
			<ENDINDEX>9</ENDINDEX>
			<COST>8.6</COST>
		</EDGE>
		<EDGE>
			<STARTINDEX>5</STARTINDEX>
			<ENDINDEX>10</ENDINDEX>
			<COST>8.8</COST>
		</EDGE>
		<EDGE>
			<STARTINDEX>6</STARTINDEX>
			<ENDINDEX>11</ENDINDEX>
			<COST>8.5</COST>
		</EDGE>

		<!-- Heuristic Settings -->

		<HEURISTIC value="AUTOMATIC"></HEURISTIC>
		<EDGECOSTS value="MANUAL"></EDGECOSTS>

	</GRAPH>
</SEARCH>
